{"cameraMode":{"drawMode":0,"name":"Shaded","section":"Shading Mode"},"sceneLighting":false,"audioPlay":false,"sceneViewState":{"showFog":true,"showMaterialUpdate":true,"showSkybox":true,"showFlares":true,"showImageEffects":true,"showParticleSystems":true},"in2DMode":false,"pivot":{"x":0.30300000309944155,"y":-1.1050000190734864,"z":0.1420000046491623},"rotation":{"x":0.007499062456190586,"y":0.014999082311987877,"z":-0.00011250082752667367,"w":0.9998593926429749},"size":2.747098684310913,"orthographic":false}